name,type,address,description,stages,child_friendly_features,tags,lat,lng,submittedby,rating,isseed
Alki Playground,Playground,"5817 SW Lander St, Seattle, WA",Alki Playground. Equipment includes climbing-structure. Suitable for ages 2-12.,,climbing,"ada-compliant,outdoor,source-age:2-12",47.57789918,-122.4077309,admin,0,false
B.F. Day Playground,Playground,"4020 Fremont Ave N, Seattle, WA",B.F. Day Playground.,,,"ada-compliant,outdoor",47.65566774,-122.34890554,admin,0,false
Ballard Playground,Playground,"2644 NW 60th St, Seattle, WA",Ballard Playground.,,,"ada-compliant,outdoor",47.6726483,-122.39254848,admin,0,false
Bayview Playground,Playground,"2614 24th Ave W, Seattle, WA","Bayview Playground. Equipment includes climbing, climbing-structure, swings. Suitable for ages 2-12 and 2-5 and 5-12.",,"climbing,swings","ada-compliant,outdoor,source-age:2-5,source-age:5-12,source-age:2-12",47.64430136,-122.38690553,admin,0,false
Bayview-Kinnear Park,Playground,"3rd Ave W / W Prospect St, Seattle, WA",Bayview-Kinnear Park.,,,"ada-compliant,outdoor",47.62889952,-122.36023718,admin,0,false
Beacon Hill Playground,Playground,"1902 13th Ave S, Seattle, WA","Beacon Hill Playground. Equipment includes climbing-structure, roundabout, swings. Suitable for ages 2-12 and 2-5 and 5-12.",,"climbing,roundabout,swings","ada-compliant,outdoor,source-age:2-5,source-age:5-12,source-age:2-12",47.5865218,-122.31515116,admin,0,false
Benefit Playground,Playground,"9320 38th Ave S, Seattle, WA","Benefit Playground. Equipment includes climbing, climbing-structure, roundabout, seesaw, spring-rocker, swings. Suitable for ages 2-12 and 2-5 and 5-12.",,"climbing,roundabout,seesaw,swings","ada-compliant,outdoor,source-age:2-5,source-age:5-12,source-age:2-12",47.51852715,-122.28417232,admin,0,false
Bitterlake Playfield,Playground,"13030 North Park Ave N, Seattle, WA",Bitterlake Playfield.,,,"ada-compliant,outdoor",47.72341905,-122.34873454,admin,0,false
Bryant Playground,Playground,"4103 NE 65th St, Seattle, WA","Bryant Playground. Equipment includes climbing-structure, roundabout, spring-rocker, swings, track-ride. Suitable for ages 2-12 and 2-5 and 5-12.",,"climbing,roundabout,swings","ada-compliant,outdoor,source-age:2-5,source-age:5-12,source-age:2-12",47.67521302,-122.28336719,admin,0,false
Colman Playground,Playground,"1740 23rd Ave S, Seattle, WA","Colman Playground. Equipment includes roundabout, slides, spring-rocker, swings. Suitable for ages 2-12 and 2-5.",,"roundabout,slides,swings","ada-compliant,outdoor,source-age:2-5,source-age:2-12",47.58718821,-122.30158854,admin,0,false
Cowen Park,Playground,"5849 15th Ave NE, Seattle, WA","Cowen Park. Equipment includes roundabout, sand-diggers, swings, zip-line. Suitable for ages 2-12 and 2-5 and 5-12.",,"roundabout,sand-diggers,swings,zip-line","ada-compliant,outdoor,source-age:2-5,source-age:5-12,source-age:2-12",47.6723972,-122.3123571,admin,0,false
Dahl Playfield,Playground,"7700 25th Ave NE, Seattle, WA",Dahl Playfield.,,,"ada-compliant,outdoor",47.68419286,-122.30003355,admin,0,false
David Rodgers Park,Playground,"2800 3rd Ave W, Seattle, WA","David Rodgers Park. Equipment includes activity-panel, climbing-structure, roundabout, spring-rocker, swings. Suitable for ages 2-12 and 2-5 and 5-12.",,"climbing,roundabout,swings","ada-compliant,outdoor,source-age:2-5,source-age:5-12,source-age:2-12",47.64378205,-122.35876007,admin,0,false
Dearborn Park,Playground,"2919 S Brandon St, Seattle, WA","Dearborn Park. Equipment includes climbing-structure, swings. Suitable for ages 2-12.",,"climbing,swings","ada-compliant,outdoor,source-age:2-12",47.5531207,-122.29467281,admin,0,false
Froula Playground,Playground,"7112 12th Ave NE, Seattle, WA","Froula Playground. Equipment includes climbing-structure, roundabout, spring-rocker, swings. Suitable for ages 2-12 and 2-5.",,"climbing,roundabout,swings","ada-compliant,outdoor,source-age:2-5,source-age:2-12",47.68058094,-122.31468158,admin,0,false
Green Lake Park,Playground,"7201 East Green Lake Dr N, Seattle, WA","Green Lake Park. Equipment includes activity-panel, baby-swings, climbing-structure, roundabout, swings. Suitable for ages 2-12 and 2-5 and 5-12.",,"baby-swings,climbing,roundabout,swings","ada-compliant,outdoor,source-age:2-5,source-age:5-12,source-age:2-12",47.68064949,-122.32764197,admin,0,false
Hutchinson Playground,Playground,"5732 S Norfolk St, Seattle, WA",Hutchinson Playground. Equipment includes climbing-structure. Suitable for ages 5-12.,,climbing,"ada-compliant,outdoor,source-age:5-12",47.51484395,-122.25953538,admin,0,false
International Childrens Park,Playground,"700 S Lane St, Seattle, WA",International Childrens Park.,,,"ada-compliant,outdoor",47.59695131,-122.32333318,admin,0,false
Laurelhurst Playfield,Playground,"4544 NE 41st St, Seattle, WA",Laurelhurst Playfield.,,,"ada-compliant,outdoor",47.65962922,-122.27783844,admin,0,false
Licton Springs Park,Playground,"9536 Ashworth Ave N, Seattle, WA","Licton Springs Park. Equipment includes climbing-structure, roundabout, spring-rocker, swings. Suitable for ages 2-12 and 2-5 and 5-12.",,"climbing,roundabout,swings","ada-compliant,outdoor,source-age:2-5,source-age:5-12,source-age:2-12",47.69859366,-122.33934006,admin,0,false
Loyal Heights Playfield,Playground,"2101 NW 77th St, Seattle, WA",Loyal Heights Playfield.,,,"ada-compliant,outdoor",47.6846736,-122.38400376,admin,0,false
Madison Park,Playground,"1898 43rd Ave E, Seattle, WA","Madison Park. Equipment includes baby-swings, climbing-structure, roundabout, swings, zip-line. Suitable for ages 2-12 and 2-5 and 5-12.",,"baby-swings,climbing,roundabout,swings,zip-line","ada-compliant,outdoor,source-age:2-5,source-age:5-12,source-age:2-12",47.63530488,-122.2775807,admin,0,false
Magnolia Park,Playground,"1461 Magnolia Blvd W, Seattle, WA","Magnolia Park. Equipment includes baby-swings, balance-beam, climbing-structure, roundabout, spring-rocker, swings. Suitable for ages 2-12 and 2-5 and 5-12.",,"baby-swings,climbing,roundabout,swings","ada-compliant,outdoor,source-age:2-5,source-age:5-12,source-age:2-12",47.63322545,-122.39809868,admin,0,false
Mayfair Park,Playground,"2600 2nd Ave N, Seattle, WA",Mayfair Park.,,,"ada-compliant,outdoor",47.64321844,-122.35339993,admin,0,false
Meadowbrook Playfield,Playground,"10533 35th Ave NE, Seattle, WA",Meadowbrook Playfield.,,,"ada-compliant,outdoor",47.70517102,-122.29113211,admin,0,false
Othello Playground,Playground,"4351 S Othello St, Seattle, WA","Othello Playground. Equipment includes climbing-structure, roundabout, slides, swings, zip-line. Suitable for ages 2-12 and 2-5 and 5-12.",,"climbing,roundabout,slides,swings,zip-line","ada-compliant,outdoor,source-age:2-5,source-age:5-12,source-age:2-12",47.53635667,-122.27700345,admin,0,false
Peppi Playground,Playground,"3233 E Spruce St, Seattle, WA",Peppi Playground.,,,"ada-compliant,outdoor",47.60253568,-122.29053808,admin,0,false
Plum Tree Park,Playground,"1717 26th Ave, Seattle, WA",Plum Tree Park. Equipment includes climbing-structure. Suitable for ages 5-12.,,climbing,"ada-compliant,outdoor,source-age:5-12",47.61699691,-122.29919413,admin,0,false
Rainier Beach Playfield,Playground,"8802 Rainier Ave S, Seattle, WA","Rainier Beach Playfield. Equipment includes climbing-structure, roundabout, swings, track-ride, zip-line. Suitable for ages 2-12 and 2-5 and 5-12.",,"climbing,roundabout,swings,zip-line","ada-compliant,outdoor,source-age:2-5,source-age:5-12,source-age:2-12",47.52479405,-122.27269276,admin,0,false
Rainier Playfield,Playground,"3700 S Alaska St, Seattle, WA",Rainier Playfield.,,,"ada-compliant,outdoor",47.56262801,-122.28552286,admin,0,false
Rogers Playground,Playground,"2516 Eastlake Ave E, Seattle, WA","Rogers Playground. Equipment includes climbing-structure, swings. Suitable for ages 2-12 and 2-5 and 5-12.",,"climbing,swings","ada-compliant,outdoor,source-age:2-5,source-age:5-12,source-age:2-12",47.64286402,-122.32506662,admin,0,false
Ross Playground,Playground,"4320 4th Ave NW, Seattle, WA","Ross Playground. Equipment includes climbing-structure, roundabout, swings. Suitable for ages 2-12 and 2-5 and 5-12.",,"climbing,roundabout,swings","ada-compliant,outdoor,source-age:2-5,source-age:5-12,source-age:2-12",47.66019865,-122.36121739,admin,0,false
Salmon Bay Park,Playground,"2001 NW Canoe Pl, Seattle, WA","Salmon Bay Park. Equipment includes climbing-structure, roundabout, spring-rocker, swings, zip-line. Suitable for ages 2-12 and 5-12.",,"climbing,roundabout,swings,zip-line","ada-compliant,outdoor,source-age:5-12,source-age:2-12",47.6792973,-122.38134272,admin,0,false
Soundview Playfield,Playground,"1590 NW 90th St, Seattle, WA",Soundview Playfield.,,,"ada-compliant,outdoor",47.69527728,-122.38016688,admin,0,false
Soundview Terrace Play Area,Playground,"2500 11th Ave W, Seattle, WA","Soundview Terrace Play Area. Equipment includes climbing-structure, slides. Suitable for ages 5-12.",,"climbing,slides","ada-compliant,outdoor,source-age:5-12",47.6405541,-122.37139235,admin,0,false
Spruce Street Mini Park,Playground,"160 21st Ave, Seattle, WA",Spruce Street Mini Park.,,,"ada-compliant,outdoor",47.60285061,-122.30464691,admin,0,false
University Playground,Playground,"4745 9th Ave NE, Seattle, WA","University Playground. Equipment includes climbing-structure, swings. Suitable for ages 2-12 and 5-12.",,"climbing,swings","ada-compliant,outdoor,source-age:5-12,source-age:2-12",47.66423971,-122.31974831,admin,0,false
W. Magnolia Playfield,Playground,"2518 34th Ave W, Seattle, WA",W. Magnolia Playfield.,,,"ada-compliant,outdoor",47.64146676,-122.40037431,admin,0,false
Sam Smith Park,Playground,"I-90 West Portal, Seattle, WA","Sam Smith Park. Equipment includes activity-panel, climbing, climbing-structure, swings. Suitable for ages 2-12 and 2-5 and 5-12.",,"climbing,swings","ada-compliant,outdoor,source-age:2-5,source-age:5-12,source-age:2-12",47.59007807,-122.29525737,admin,0,false
Spring Street Mini Park,Playground,"15th Ave / E Spring St, Seattle, WA",Spring Street Mini Park. Equipment includes climbing-structure. Suitable for ages 2-12.,,climbing,"ada-compliant,outdoor,source-age:2-12",47.61188108,-122.3125767,admin,0,false
Genesee Park and Playfield,Playground,"4316 S Genesee St, Seattle, WA",Genesee Park and Playfield.,,,"ada-compliant,outdoor",47.56292342,-122.27975527,admin,0,false
Genesee Park and Playfield,Playground,"4420 S Genesee St, Seattle, WA",Genesee Park and Playfield.,,,"ada-compliant,outdoor",47.56540565,-122.27782693,admin,0,false
Lincoln Park - North,Playground,"8011 Fauntleroy Way SW, Seattle, WA",Lincoln Park - North. Equipment includes swings. Suitable for ages 5-12.,,swings,"ada-compliant,outdoor,source-age:5-12",47.53462223,-122.39473742,admin,0,false
Carkeek Park,Playground,"950 NW Carkeek Park Rd, Seattle, WA","Carkeek Park. Equipment includes climbing-structure, slides, spring-rocker, swings. Suitable for ages 2-12 and 2-5 and 5-12.",,"climbing,slides,swings","ada-compliant,outdoor,source-age:2-5,source-age:5-12,source-age:2-12",47.71308135,-122.37769879,admin,0,false
Volunteer Park,Playground,"1247 15th Ave E, Seattle, WA","Volunteer Park. Equipment includes climbing-structure, roundabout, slides, swings. Suitable for ages 2-12 and 2-5 and 5-12.",,"climbing,roundabout,slides,swings","ada-compliant,outdoor,source-age:2-5,source-age:5-12,source-age:2-12",47.6319611,-122.31312395,admin,0,false
Warren G. Magnuson Park,Playground,"6500 Sand Point Way NE, Seattle, WA",Warren G. Magnuson Park.,,,"ada-compliant,outdoor",47.68172825,-122.25338279,admin,0,false
Northgate Park,Playground,"10548 5th Ave NE, Seattle, WA","Northgate Park. Equipment includes climbing, climbing-structure, roundabout, spring-rocker, swings. Suitable for ages 2-12 and 2-5 and 5-12.",,"climbing,roundabout,swings","ada-compliant,outdoor,source-age:2-5,source-age:5-12,source-age:2-12",47.7058995,-122.32223749,admin,0,false
Lincoln Park - South,Playground,"8011 Fauntleroy Way SW, Seattle, WA",Lincoln Park - South.,,,"ada-compliant,outdoor",47.52715889,-122.3947795,admin,0,false
Lincoln Park - Beach,Playground,"8011 Fauntleroy Way SW, Seattle, WA",Lincoln Park - Beach.,,,"ada-compliant,outdoor",47.52634541,-122.39477284,admin,0,false
"John C. Little, Sr. Park",Playground,"6961 37th Ave S, Seattle, WA","John C. Little, Sr. Park.",,,"ada-compliant,outdoor",47.53937701,-122.28664431,admin,0,false
Puget Ridge Playground,Playground,"21st Ave SW / Croft Pl SW, Seattle, WA","Puget Ridge Playground. Equipment includes climbing-structure, spring-rocker. Suitable for ages 2-12 and 2-5.",,climbing,"ada-compliant,outdoor,source-age:2-5,source-age:2-12",47.54740197,-122.35992085,admin,0,false
Ballard Corners Park,Playground,"17th Ave NW / NW 62nd St, Seattle, WA",Ballard Corners Park. Equipment includes climbing-structure. Suitable for ages 2-12.,,climbing,"ada-compliant,outdoor,source-age:2-12",47.67429999,-122.37914262,admin,0,false
Dr. Blanche Lavizzo Park,Playground,"2100 S Jackson St, Seattle, WA",Dr. Blanche Lavizzo Park.,,,"ada-compliant,outdoor",47.59951159,-122.30446278,admin,0,false
Ercolini Park,Playground,"48th Ave SW / SW Alaska St, Seattle, WA","Ercolini Park. Equipment includes activity-panel, climbing-structure, roundabout, swings. Suitable for ages 2-12 and 5-12.",,"climbing,roundabout,swings","ada-compliant,outdoor,source-age:5-12,source-age:2-12",47.56168567,-122.39308576,admin,0,false
Homer Harris Park,Playground,"2401 E Howell St, Seattle, WA",Homer Harris Park. Suitable for ages 2-5.,,,"ada-compliant,outdoor,source-age:2-5",47.6174858,-122.3009772,admin,0,false
Bradner Gardens Park,Playground,"29th Ave S / S Grand St, Seattle, WA",Bradner Gardens Park.,,,"ada-compliant,outdoor",47.58733388,-122.29575427,admin,0,false
Cedar Park,Playground,"3737 NE 135th St, Seattle, WA","Cedar Park. Equipment includes climbing, climbing-structure, roundabout. Suitable for ages 2-12 and 2-5 and 5-12.",,"climbing,roundabout","ada-compliant,outdoor,source-age:2-5,source-age:5-12,source-age:2-12",47.72621721,-122.28808204,admin,0,false
Atlantic Street Park,Playground,"S Atlantic St / 21st Ave S, Seattle, WA","Atlantic Street Park. Equipment includes baby-swings, climbing-structure, swings. Suitable for ages 2-5 and 5-12.",,"baby-swings,climbing,swings","ada-compliant,outdoor,source-age:2-5,source-age:5-12",47.58933294,-122.30546772,admin,0,false
Fairmount Playground,Playground,"5400 Fauntleroy Way SW, Seattle, WA","Fairmount Playground. Equipment includes climbing, climbing-structure, roundabout, seesaw, swings. Suitable for ages 2-12 and 2-5 and 5-12.",,"climbing,roundabout,seesaw,swings","ada-compliant,outdoor,source-age:2-5,source-age:5-12,source-age:2-12",47.554241,-122.38014468,admin,0,false
Van Asselt Playground,Playground,"7200 Beacon Ave S, Seattle, WA","Van Asselt Playground. Equipment includes climbing-structure, seesaw, swings. Suitable for ages 2-12 and 2-5 and 5-12.",,"climbing,seesaw,swings","ada-compliant,outdoor,source-age:2-5,source-age:5-12,source-age:2-12",47.53929336,-122.2960717,admin,0,false
Greenwood Park,Playground,"8905 Fremont Ave N, Seattle, WA","Greenwood Park. Equipment includes climbing-structure, roundabout, slides, spring-rocker, swings. Suitable for ages 2-12 and 2-5 and 5-12.",,"climbing,roundabout,slides,swings","ada-compliant,outdoor,source-age:2-5,source-age:5-12,source-age:2-12",47.69326993,-122.35049252,admin,0,false
Roxhill Park,Playground,"2850 SW Roxbury St, Seattle, WA",Roxhill Park.,,,"ada-compliant,outdoor",47.5200784,-122.36937634,admin,0,false
Jefferson Park,Playground,"3801 Beacon Ave S, Seattle, WA","Jefferson Park. Equipment includes baby-swings, climbing, climbing-structure, roundabout, slides, spring-rocker, swings, zip-line. Suitable for ages 2-5 and 5-12.",,"baby-swings,climbing,roundabout,slides,swings,zip-line","ada-compliant,outdoor,source-age:2-5,source-age:5-12",47.57048707,-122.30917279,admin,0,false
Denny Park,Playground,"100 Dexter Ave N, Seattle, WA","Denny Park. Equipment includes climbing-structure, roundabout, zip-line. Suitable for ages 2-12 and 2-5 and 5-12.",,"climbing,roundabout,zip-line","ada-compliant,outdoor,source-age:2-5,source-age:5-12,source-age:2-12",47.61945211,-122.34064861,admin,0,false
Albert Davis Park,Playground,"12526 27th Ave NE, Seattle, WA","Albert Davis Park. Equipment includes climbing-structure, roundabout. Suitable for ages 2-12 and 5-12.",,"climbing,roundabout","ada-compliant,outdoor,source-age:5-12,source-age:2-12",47.72042908,-122.2985571,admin,0,false
Ravenna-Eckstein CC Grounds,Playground,"6535 Ravenna Ave NE, Seattle, WA",Ravenna-Eckstein CC Grounds.,,,"ada-compliant,outdoor",47.67670201,-122.30474586,admin,0,false
Crown Hill Park,Playground,", Seattle, WA","Crown Hill Park. Equipment includes balance-beam, climbing, roundabout. Suitable for ages 2-12.",,"climbing,roundabout","ada-compliant,outdoor,source-age:2-12",47.69696443,-122.37299298,admin,0,false
Fairmount Playground - School,Playground,"5400 Fauntleroy Way SW, Seattle, WA",Fairmount Playground - School.,,,"ada-compliant,outdoor",47.55341248,-122.38058487,admin,0,false
Gas Works Park,Playground,"2101 N Northlake Way, Seattle, WA","Gas Works Park. Equipment includes climbing, climbing-structure, roundabout, spring-rocker, swings. Suitable for ages 2-12 and 2-5 and 5-12.",,"climbing,roundabout,swings","outdoor,source-age:2-5,source-age:5-12,source-age:2-12",47.64567589,-122.33352313,admin,0,false
Kinnear Park,Playground,"899 W Olympic Place, Seattle, WA",Kinnear Park.,,,outdoor,47.62789724,-122.36716063,admin,0,false
Lakeridge Park and Playground,Playground,"10145 Rainier Ave S, Seattle, WA",Lakeridge Park and Playground.,,,outdoor,47.5104151,-122.2463172,admin,0,false
Lakewood Playground,Playground,"5013 S Angeline St, Seattle, WA","Lakewood Playground. Equipment includes climbing-structure, spring-rocker, swings. Suitable for ages 2-12 and 2-5.",,"climbing,swings","outdoor,source-age:2-5,source-age:2-12",47.55915905,-122.26967771,admin,0,false
Lawton Park,Playground,"3843 26th Ave W, Seattle, WA","Lawton Park. Equipment includes climbing-structure, roundabout, swings. Suitable for ages 2-12 and 2-5 and 5-12.",,"climbing,roundabout,swings","outdoor,source-age:2-5,source-age:5-12,source-age:2-12",47.65578323,-122.39092153,admin,0,false
Meridian Playground,Playground,"4649 Sunnyside Ave N, Seattle, WA","Meridian Playground. Equipment includes baby-swings, climbing-structure, roundabout, slides, spring-rocker, swings. Suitable for ages 2-12 and 2-5 and 5-12.",,"baby-swings,climbing,roundabout,slides,swings","outdoor,source-age:2-5,source-age:5-12,source-age:2-12",47.66437154,-122.33223411,admin,0,false
Madison Park - North Beach,Playground,"2200 43rd Ave E, Seattle, WA",Madison Park - North Beach.,,,outdoor,47.63944565,-122.27677576,admin,0,false
Madrona Park -Beach,Playground,"853 Lake Washington Blvd S, Seattle, WA",Madrona Park -Beach.,,,outdoor,47.60864215,-122.28287804,admin,0,false
Maple Leaf Playground,Playground,"1020 NE 82nd St, Seattle, WA","Maple Leaf Playground. Equipment includes climbing, climbing-structure, roundabout, slides, spring-rocker, swings, zip-line. Suitable for ages 2-12 and 2-5 and 5-12.",,"climbing,roundabout,slides,swings,zip-line","outdoor,source-age:2-5,source-age:5-12,source-age:2-12",47.68936462,-122.31717012,admin,0,false
Montlake Playfield,Playground,"1618 E Calhoun St, Seattle, WA",Montlake Playfield.,,,outdoor,47.64169853,-122.30944928,admin,0,false
Prentis Frazier Park,Playground,"401 24th Ave E, Seattle, WA",Prentis Frazier Park. Equipment includes climbing-structure. Suitable for ages 2-5 and 5-12.,,climbing,"outdoor,source-age:2-5,source-age:5-12",47.62282997,-122.30147104,admin,0,false
Riverview Playfield,Playground,"7226 12th Ave SW, Seattle, WA",Riverview Playfield.,,,outdoor,47.53928113,-122.34996231,admin,0,false
Trolley Hill Park,Playground,"5th Ave N / Blaine St, Seattle, WA",Trolley Hill Park.,,,outdoor,47.63511461,-122.34729375,admin,0,false
Victory Heights Playground,Playground,"1737 NE 106th St, Seattle, WA","Victory Heights Playground. Equipment includes activity-panel, climbing-structure, roundabout, swings. Suitable for ages 2-12 and 2-5 and 5-12.",,"climbing,roundabout,swings","outdoor,source-age:2-5,source-age:5-12,source-age:2-12",47.7060089,-122.30788451,admin,0,false
Cal Anderson Park,Playground,"1635 11th Ave, Seattle, WA","Cal Anderson Park. Equipment includes climbing-structure, spring-rocker, swings. Suitable for ages 2-12 and 2-5.",,"climbing,swings","ada-compliant,outdoor,source-age:2-5,source-age:2-12",47.61707006,-122.31864658,admin,0,false
Virgil Flaim Park,Playground,"2750 NE 125th St, Seattle, WA","Virgil Flaim Park. Equipment includes balance-beam, climbing, climbing-structure, roundabout, slides, swings. Suitable for ages 2-12 and 2-5 and 5-12.",,"climbing,roundabout,slides,swings","outdoor,source-age:2-5,source-age:5-12,source-age:2-12",47.71809653,-122.29972296,admin,0,false
Ella Bailey Park,Playground,"2601 W Smith St, Seattle, WA","Ella Bailey Park. Equipment includes climbing-structure, roundabout, swings. Suitable for ages 2-12 and 2-5 and 5-12.",,"climbing,roundabout,swings","ada-compliant,outdoor,source-age:2-5,source-age:5-12,source-age:2-12",47.6407383,-122.39140427,admin,0,false
Kirke Park,Playground,"7028 9th Avenue NW, Seattle, WA",Kirke Park.,,,"ada-compliant,outdoor",47.68017311,-122.36796255,admin,0,false
Southwest Community Center,Playground,"2801 SW Thistle St, Seattle, WA",Southwest Community Center.,,,"ada-compliant,outdoor",47.52759983,-122.36894008,admin,0,false
Woodland Park,Playground,"5420 Phinney Ave N, Seattle, WA",Woodland Park.,,,"ada-compliant,outdoor",47.67131777,-122.35345754,admin,0,false
Cascade Playground,Playground,"333 Pontius Ave N, Seattle, WA","Cascade Playground. Equipment includes climbing-structure, spring-rocker, swings. Suitable for ages 2-12 and 2-5 and 5-12.",,"climbing,swings","ada-compliant,outdoor,source-age:2-5,source-age:5-12,source-age:2-12",47.62166645,-122.33261125,admin,0,false
Matthews Beach Park,Playground,"9300 51st Ave NE, Seattle, WA","Matthews Beach Park. Equipment includes climbing, climbing-structure, roundabout, spring-rocker, swings, track-ride. Suitable for ages 2-12 and 2-5 and 5-12.",,"climbing,roundabout,swings","ada-compliant,outdoor,source-age:2-5,source-age:5-12,source-age:2-12",47.69690808,-122.2740525,admin,0,false
Roanoke Park,Playground,"950 E Roanoke St, Seattle, WA","Roanoke Park. Equipment includes baby-swings, climbing-structure, spring-rocker, swings. Suitable for ages 2-12 and 2-5 and 5-12.",,"baby-swings,climbing,swings","ada-compliant,outdoor,source-age:2-5,source-age:5-12,source-age:2-12",47.64425713,-122.32026451,admin,0,false
W. Queen Anne Playfield,Playground,"150 W. Blaine St, Seattle, WA",W. Queen Anne Playfield.,,,"ada-compliant,outdoor",47.63564869,-122.36058796,admin,0,false
Alki Playground - Whales Tail,Playground,"5817 SW Lander St, Seattle, WA","Alki Playground - Whales Tail. Equipment includes baby-swings, climbing-structure, slides, swings. Suitable for ages 2-5 and 5-12.",,"baby-swings,climbing,slides,swings","ada-compliant,outdoor,source-age:2-5,source-age:5-12",47.57932158,-122.40716148,admin,0,false
Ward Springs Park,Playground,"925 4th Ave N, Seattle, WA",Ward Springs Park.,,,"ada-compliant,outdoor",47.62786041,-122.34941674,admin,0,false
6th Ave NW Pocket Park,Playground,"6th Ave NW / NW 76th St, Seattle, WA",6th Ave NW Pocket Park.,,,"ada-compliant,outdoor",47.68431917,-122.36362135,admin,0,false
Delridge Playfield,Playground,"4458 Delridge Way SW, Seattle, WA",Delridge Playfield.,,,"ada-compliant,outdoor",47.56376281,-122.36416885,admin,0,false
Gilman Playground,Playground,"923 NW 54th St, Seattle, WA","Gilman Playground. Equipment includes climbing-structure, swings. Suitable for ages 2-12 and 2-5 and 5-12.",,"climbing,swings","ada-compliant,outdoor,source-age:2-5,source-age:5-12,source-age:2-12",47.66692051,-122.36920117,admin,0,false
Judkins Park and Playfield,Playground,"2150 S Norman St, Seattle, WA",Judkins Park and Playfield.,,,"ada-compliant,outdoor",47.59262993,-122.30391467,admin,0,false
Maplewood Playfield,Playground,"4801 Corson Ave S, Seattle, WA",Maplewood Playfield.,,,"ada-compliant,outdoor",47.56073636,-122.31779604,admin,0,false
Pinehurst Playground,Playground,"12029 14th Ave NE, Seattle, WA","Pinehurst Playground. Equipment includes climbing-structure, roundabout, spring-rocker, swings. Suitable for ages 2-12 and 2-5 and 5-12.",,"climbing,roundabout,swings","ada-compliant,outdoor,source-age:2-5,source-age:5-12,source-age:2-12",47.71626992,-122.31423138,admin,0,false
Wallingford Playfield,Playground,"4219 Wallingford Ave N, Seattle, WA",Wallingford Playfield.,,,"ada-compliant,outdoor",47.65894853,-122.33699984,admin,0,false
Discovery Park,Playground,"3801 W Government Way, Seattle, WA","Discovery Park. Equipment includes climbing-structure, spring-rocker, swings, zip-line. Suitable for ages 2-12 and 2-5 and 5-12.",,"climbing,swings,zip-line","ada-compliant,outdoor,source-age:2-5,source-age:5-12,source-age:2-12",47.65607264,-122.40498007,admin,0,false
Rainier Community Center,Playground,"4600 38th Ave S, Seattle, WA",Rainier Community Center.,,,"ada-compliant,outdoor",47.56123268,-122.28340835,admin,0,false
Cottage Grove Park,Playground,"5206 26th Ave SW, Seattle, WA","Cottage Grove Park. Equipment includes climbing, climbing-structure, roundabout, spring-rocker, swings. Suitable for ages 2-12.",,"climbing,roundabout,swings","ada-compliant,outdoor,source-age:2-12",47.55501296,-122.36513327,admin,0,false
Little Brook Park,Playground,"14043 32nd Ave NE, Seattle, WA","Little Brook Park. Equipment includes baby-swings, climbing-structure, swings. Suitable for ages 2-5 and 5-12.",,"baby-swings,climbing,swings","ada-compliant,outdoor,source-age:2-5,source-age:5-12",47.73140758,-122.29423691,admin,0,false
12th West / West Howe Park,Playground,"12th Ave West / West Howe St, Seattle, WA",12th West / West Howe Park.,,,outdoor,47.63609742,-122.37298472,admin,0,false
Oxbow Park,Playground,"6430 Corson Ave S, Seattle, WA",Oxbow Park. Equipment includes climbing-structure. Suitable for ages 5-12.,,climbing,"outdoor,source-age:5-12",47.54499491,-122.32147142,admin,0,false
E Queen Anne Playground,Playground,"1912 Warren Ave N, Seattle, WA",E Queen Anne Playground.,,,"ada-compliant,outdoor",47.63589074,-122.35409195,admin,0,false
Leschi Park,Playground,"201 Lakeside Ave S, Seattle, WA",Leschi Park.,,,outdoor,47.60084275,-122.28699306,admin,0,false
Madrona Playground,Playground,"3211 E Spring St, Seattle, WA","Madrona Playground. Equipment includes baby-swings, climbing-structure, roundabout, spring-rocker, swings. Suitable for ages 2-5 and 5-12.",,"baby-swings,climbing,roundabout,swings","ada-compliant,outdoor,source-age:2-5,source-age:5-12",47.61125539,-122.28966516,admin,0,false
Beer Sheva Park,Playground,"8650 55th Ave S, Seattle, WA","Beer Sheva Park. Equipment includes climbing-structure, roundabout, spring-rocker, swings. Suitable for ages 2-12 and 2-5 and 5-12.",,"climbing,roundabout,swings","ada-compliant,outdoor,source-age:2-5,source-age:5-12,source-age:2-12",47.52468711,-122.26392871,admin,0,false
Garfield Playfield,Playground,"500 23rd Ave, Seattle, WA",Garfield Playfield.,,,"ada-compliant,outdoor",47.60769677,-122.30036798,admin,0,false
Pratt Park,Playground,"1800 S Main St, Seattle, WA","Pratt Park. Equipment includes activity-panel, climbing, climbing-structure, roundabout, swings. Suitable for ages 2-12 and 2-5 and 5-12.",,"climbing,roundabout,swings","ada-compliant,outdoor,source-age:2-5,source-age:5-12,source-age:2-12",47.60089444,-122.30787185,admin,0,false
Viewridge Playfield,Playground,"4408 NE 70th St, Seattle, WA",Viewridge Playfield.,,,"ada-compliant,outdoor",47.679747,-122.27996947,admin,0,false
Northacres Park,Playground,"12530 3rd Ave NE, Seattle, WA","Northacres Park. Equipment includes climbing-structure, roundabout, spring-rocker, swings. Suitable for ages 2-12 and 2-5 and 5-12.",,"climbing,roundabout,swings","ada-compliant,outdoor,source-age:2-5,source-age:5-12,source-age:2-12",47.72137623,-122.32806536,admin,0,false
Lowman Beach Park,Playground,"7017 Beach Dr SW, Seattle, WA",Lowman Beach Park. Equipment includes swings. Suitable for ages 2-12.,,swings,"outdoor,source-age:2-12",47.54036668,-122.39672777,admin,0,false
Bhy Kracke Park,Playground,"1200 5th Ave N, Seattle, WA",Bhy Kracke Park.,,,"ada-compliant,outdoor",47.63034568,-122.34779047,admin,0,false
Mrytle Reservoir Park,Playground,"SW Myrtle St / 35th Ave SW, Seattle, WA",Mrytle Reservoir Park.,,,"ada-compliant,outdoor",47.54060202,-122.37763297,admin,0,false
E.C. Hughes Playground,Playground,"2805 SW Holden St, Seattle, WA","E.C. Hughes Playground. Equipment includes climbing-structure, roundabout, swings. Suitable for ages 2-12 and 2-5 and 5-12.",,"climbing,roundabout,swings","ada-compliant,outdoor,source-age:2-5,source-age:5-12,source-age:2-12",47.53339754,-122.36888198,admin,0,false
Mt. Baker Park,Playground,"2521 Lake Park Drive S, Seattle, WA","Mt. Baker Park. Equipment includes climbing-structure, spring-rocker, swings, zip-line. Suitable for ages 2-12 and 2-5 and 5-12.",,"climbing,swings,zip-line","ada-compliant,outdoor,source-age:2-5,source-age:5-12,source-age:2-12",47.57853952,-122.28893294,admin,0,false
Powell Barnett Park,Playground,"352 M.L. King Jr. Way, Seattle, WA","Powell Barnett Park. Equipment includes climbing, climbing-structure, roundabout, spring-rocker, swings. Suitable for ages 2-12 and 2-5 and 5-12.",,"climbing,roundabout,swings","ada-compliant,outdoor,source-age:2-5,source-age:5-12,source-age:2-12",47.60458888,-122.29591993,admin,0,false
TT Minor Playground,Playground,"17th Ave / E Union St, Seattle, WA",TT Minor Playground. Equipment includes climbing-structure. Suitable for ages 2-5 and 5-12.,,climbing,"ada-compliant,outdoor,source-age:2-5,source-age:5-12",47.61312601,-122.31056938,admin,0,false
Bitter Lake Open Space Park,Playground,"Linden Ave N & N 143rd St, Seattle, WA",Bitter Lake Open Space Park.,,,"ada-compliant,outdoor",47.73111517,-122.34805734,admin,0,false
Miller Playfield,Playground,"400 19th Ave E, Seattle, WA",Miller Playfield. Equipment includes swings. Suitable for ages 2-12.,,swings,"ada-compliant,outdoor,source-age:2-12",47.62109268,-122.30697925,admin,0,false
Sandel Playground,Playground,"9053 1st Ave NW, Seattle, WA","Sandel Playground. Equipment includes climbing, climbing-structure, roundabout, swings. Suitable for ages 2-12 and 5-12.",,"climbing,roundabout,swings","ada-compliant,outdoor,source-age:5-12,source-age:2-12",47.69567869,-122.35886295,admin,0,false
Baker Park on Crown Hill,Playground,"Mary Ave NW / NW 83rd St, Seattle, WA","Baker Park on Crown Hill. Equipment includes climbing-structure, swings. Suitable for ages 2-12.",,"climbing,swings","ada-compliant,outdoor,source-age:2-12",47.69016536,-122.3747977,admin,0,false
Highland Park Playground,Playground,"1100 SW Cloverdale St, Seattle, WA","Highland Park Playground. Equipment includes baby-swings, climbing, climbing-structure, spring-rocker, swings. Suitable for ages 2-5 and 5-12.",,"baby-swings,climbing,swings","ada-compliant,outdoor,source-age:2-5,source-age:5-12",47.52693381,-122.34936415,admin,0,false
Flo Ware Park,Playground,"28th Ave S / S Jackson St, Seattle, WA","Flo Ware Park. Equipment includes climbing-structure, swings. Suitable for ages 2-12 and 5-12.",,"climbing,swings","ada-compliant,outdoor,source-age:5-12,source-age:2-12",47.59947501,-122.29599513,admin,0,false
Walt Hundley Playfield,Playground,"6920 34th Ave SW, Seattle, WA",Walt Hundley Playfield.,,,"ada-compliant,outdoor",47.53997573,-122.37464527,admin,0,false
Yesler Community Center,Playground,"917 East Yesler Way, Seattle, WA",Yesler Community Center.,,,"ada-compliant,outdoor",47.60100062,-122.320141,admin,0,false
Brighton Playfield,Playground,"6000 39th Ave S, Seattle, WA",Brighton Playfield.,,,"ada-compliant,outdoor",47.5485732,-122.28291676,admin,0,false
Pathways Park,Playground,"5201 Sand Point Way NE, Seattle, WA",Pathways Park. Equipment includes swings. Suitable for ages 5-12.,,swings,"ada-compliant,outdoor,source-age:5-12",47.66732323,-122.28192425,admin,0,false
Georgetown Playfield,Playground,"750 S Homer St, Seattle, WA",Georgetown Playfield.,,,"ada-compliant,outdoor",47.55233616,-122.32148798,admin,0,false
Hiawatha Playfield,Playground,"2700 California Ave SW, Seattle, WA",Hiawatha Playfield.,,,"ada-compliant,outdoor",47.57896239,-122.38446554,admin,0,false
Ravenna Park,Playground,"5520 Ravenna Ave NE, Seattle, WA","Ravenna Park. Equipment includes climbing, climbing-structure, roundabout, sand-diggers, swings. Suitable for ages 2-12 and 2-5 and 5-12.",,"climbing,roundabout,sand-diggers,swings","ada-compliant,outdoor,source-age:2-5,source-age:5-12,source-age:2-12",47.66909998,-122.30292771,admin,0,false
Seward Park,Playground,"5898 Lake Washington Bv S, Seattle, WA","Seward Park. Equipment includes climbing, climbing-structure, roundabout, spring-rocker, swings, zip-line. Suitable for ages 2-12 and 2-5 and 5-12.",,"climbing,roundabout,swings,zip-line","ada-compliant,outdoor,source-age:2-5,source-age:5-12,source-age:2-12",47.54950036,-122.25630454,admin,0,false
Montlake Totlot,Playground,"26th Ave E / E Lynn St., Seattle, WA",Montlake Totlot.,,,"ada-compliant,outdoor",47.63955595,-122.29840901,admin,0,false
Webster Playground,Playground,"3014 NW 67th St, Seattle, WA","Webster Playground. Equipment includes baby-swings, climbing, climbing-structure, swings. Suitable for ages 2-12 and 2-5 and 5-12.",,"baby-swings,climbing,swings","ada-compliant,outdoor,source-age:2-5,source-age:5-12,source-age:2-12",47.67783168,-122.39785127,admin,0,false
South Park Playground,Playground,"738 S Sullivan St, Seattle, WA","South Park Playground. Equipment includes baby-swings, climbing-structure, swings. Suitable for ages 2-5 and 5-12.",,"baby-swings,climbing,swings","outdoor,source-age:2-5,source-age:5-12",47.52833239,-122.32455951,admin,0,false
Washington Park,Playground,"2500 Lake Washington Blvd. E, Seattle, WA","Washington Park. Equipment includes climbing-structure, roundabout, spring-rocker, swings. Suitable for ages 2-12 and 2-5 and 5-12.",,"climbing,roundabout,swings","outdoor,source-age:2-5,source-age:5-12,source-age:2-12",47.62767381,-122.29398222,admin,0,false
Dr. Jose Rizal Park,Playground,"1008 12th Ave S, Seattle, WA",Dr. Jose Rizal Park.,,,"ada-compliant,outdoor",47.59193834,-122.31760413,admin,0,false
Golden Gardens Park,Playground,"8498 Seaview Pl NW, Seattle, WA","Golden Gardens Park. Equipment includes climbing, climbing-structure, roundabout, spring-rocker, swings. Suitable for ages 2-12 and 2-5 and 5-12.",,"climbing,roundabout,swings","ada-compliant,outdoor,source-age:2-5,source-age:5-12,source-age:2-12",47.69178109,-122.4037383,admin,0,false
Firehouse Mini Park,Playground,"712 18th Ave, Seattle, WA","Firehouse Mini Park. Equipment includes climbing, climbing-structure, roundabout, spring-rocker, swings. Suitable for ages 2-12 and 2-5.",,"climbing,roundabout,swings","ada-compliant,outdoor,source-age:2-5,source-age:2-12",47.60843329,-122.30858572,admin,0,false
Westcrest Park,Playground,"9000 8th Ave SW, Seattle, WA",Westcrest Park.,,,outdoor,47.52449993,-122.34286427,admin,0,false
Seward Park,Playground,"5898 Lake Washington Bv S, Seattle, WA","Seward Park. Equipment includes climbing, climbing-structure, roundabout, spring-rocker, swings, zip-line. Suitable for ages 2-12 and 2-5 and 5-12.",,"climbing,roundabout,swings,zip-line","ada-compliant,outdoor,source-age:2-5,source-age:5-12,source-age:2-12",47.5510685,-122.25442147,admin,0,false
Urban Triangle Park,Playground,"2100 Westlake Ave, Seattle, WA",Urban Triangle Park.,,,outdoor,47.61686161,-122.33777066,admin,0,false
12th Ave Square Park,Playground,"564 12th Ave, Seattle, WA",12th Ave Square Park.,,,outdoor,47.60724334,-122.31640595,admin,0,false
Westlake Park,Playground,"401 Pine Street, Seattle, WA",Westlake Park.,,,outdoor,47.6109983,-122.33692103,admin,0,false
Rainier Beach Community Center,Playground,"8802 Rainier Ave South, Seattle, WA",Rainier Beach Community Center.,,,outdoor,47.52462911,-122.27122908,admin,0,false
Lake City HUB,Playground,"12510 33rd Ave NE, Seattle, WA",Lake City HUB.,,,outdoor,47.71993523,-122.29246834,admin,0,false
Ballard Commons Park,Playground,"5701 22nd Ave NW, Seattle, WA",Ballard Commons Park.,,,outdoor,47.67059489,-122.38501863,admin,0,false
Duwamish Waterway Park,Playground,"7900 10th Ave S, Seattle, WA","Duwamish Waterway Park. Equipment includes climbing, roundabout, spring-rocker, zip-line. Suitable for ages 5-12.",,"climbing,roundabout,zip-line","outdoor,source-age:5-12",47.53078309,-122.31965745,admin,0,false
Occidental Square,Playground,"117 S Washington St, Seattle, WA",Occidental Square.,,,outdoor,47.60063822,-122.33330441,admin,0,false
Cheryl Chow Park,Playground,"3640 35th Ave S, Seattle, WA",Cheryl Chow Park.,,,outdoor,47.57006066,-122.28908369,admin,0,false
Hoa Mai Park,Playground,"1224 S King St, Seattle, WA",Hoa Mai Park.,,,outdoor,47.59889676,-122.31597568,admin,0,false
South Park Plaza,Playground,", Seattle, WA",South Park Plaza.,,,outdoor,47.52814715,-122.31545308,admin,0,false
Overlook Walk (Alaskan Way Boulevard),Playground,"1904 Western Ave, Seattle, WA",Overlook Walk (Alaskan Way Boulevard).,,,outdoor,47.60917044,-122.34301213,admin,0,false
Waterfront Park,Playground,"1401 Alaskan Wy, Seattle, WA",Waterfront Park.,,,outdoor,47.60704633,-122.34196995,admin,0,false
